"0","d.ozone = read_csv(""ozone_Albertville_2023-01-01_2023-04-01.csv"", "
"0","                   "
"0","                   col_types = c(""T"", ""numeric"", ""text""))"
"0",""
"0","d.PM2.5 = read.csv(""particules PM2,5_Albertville_2023-01-01_2023-04-01.csv"")"
"0",""
"0","d.PM10  = read.csv(""particules PM10_Albertville_2023-01-01_2023-04-01.csv"")"
"0",""
"0","d.NO2   = read.csv(""dioxyde d'azote_Albertville_2023-01-01_2023-04-01.csv"")"
"0",""
"0","d.NO    = read.csv(""monoxyde d'azote_Albertville_2023-01-01_2023-04-01.csv"")"
